text,label
Machine learning engineer needed to implement algorithms and build scalable ML systems. Experience with distributed computing and model serving frameworks is essential.,1
"Seeking a data scientist with experience in machine learning, statistical analysis, and data visualization. Must have skills in Python, R, and SQL. Responsibilities include developing predictive models, analyzing large datasets, and communicating insights to stakeholders.",0
"Looking for a backend software engineer with experience in Java, Spring, and microservices architecture. Will design and implement RESTful APIs and data storage solutions.",2
"Seeking a technology consultant to help clients leverage IT for business growth. Will assess requirements, recommend solutions, and manage implementation projects.",3
"Software engineer needed to develop and maintain web applications. Proficiency in JavaScript, React, and Node.js required. Will work in an agile team environment developing user-facing features.",2
"Management consultant position available. Will advise clients on business strategy, operational improvements, and digital transformation. MBA and consulting experience required.",3
"Business consultant role available. Will work with clients to solve complex business problems, develop strategies, and implement solutions for sustainable growth.",3
Machine learning engineer position available. Will be responsible for developing efficient implementations of machine learning algorithms and deploying them in production environments.,1
"Data scientist position available. The ideal candidate will have a strong background in statistics, machine learning, and programming. Experience with deep learning frameworks and big data technologies is a plus.",0
"Machine learning engineer position to develop and deploy ML models at scale. Experience with TensorFlow, PyTorch, and cloud computing platforms required. Will work closely with data scientists and software engineers.",1
Data scientist role to extract insights from complex datasets. Will build predictive models and develop data-driven solutions. Strong background in statistics and machine learning required.,0
Looking for a machine learning engineer to develop ML infrastructure and workflows. Will optimize ML models for production and ensure reliable deployment. Experience with containerization and cloud services required.,1
"Financial consultant position to advise clients on investment strategies, risk management, and financial planning. CFA certification and finance background required.",3
"Software engineer role available. Will develop and test code, troubleshoot issues, and implement new features. Strong programming skills and CS fundamentals required.",2
